1689;47241.6
1680;47242.5
1654;47245.1
1651;47245.4
1642;47246.3
1613;47249.2
1604;47250.1
1558;47343.4
1551;47372.4
1534;47377.8
1533;47405.1
1474;47459
1466;47497.2
1454;47526.9
1434;47529.2
1417;47592.2
1387;47592.2
1367;47594.5
1350;47670.4
1340;47709.9
1308;47814.9
1298;48058.5
1278;48286.4
1270;48316.5
1262;48378.3
1248;48419.3
1234;48450.9
1207;48768.4
1206;48864.4
1164;48987.4
1162;49133
1158;49358.9
1153;49409.1
1115;49478.3
1109;49661.9
1105;49679.9
1088;49732.1
1080;49820.1
1066;50076.3
1064;50185.6
1043;50401.9
1040;50910.3
1029;50988.3
1024;51130.2
1004;51365.2
1003;51562.6
966;51773.4
961;51987.8
960;51989.5
956;52211.8
952;52640.3
925;52930
924;53000.3
915;53295.1
910;53332.9
898;53370.3
897;53477.7
885;53684.9
881;54091.5
878;54196.8
874;55277.4
869;55325.4
866;55555.4
864;56019.4
852;56048.8
847;56174.6
840;56175.8
738;56405.7
681;56818
672;56854
665;56877.5
655;57368
627;57446.1
616;58009
583;58165.8
563;58501.9
557;59058.7
541;59425.9
536;59645.5
532;59706
531;59992.7
525;60196.7
514;60434.7
513;60478.9
618;57584.4
598;58036
