1995;260581
1942;260727
1938;260752
1923;261268
1911;261664
1907;261807
1901;261809
1878;262179
1859;262336
1812;262554
1773;263168
1759;264195
1737;264611
1720;264779
1704;264954
1674;265352
1669;266853
1655;267428
1654;268236
1653;268805
1642;269464
1641;270325
1629;270349
1605;270764
1599;271131
1584;271482
1572;271863
1562;273536
1559;274144
1547;274476
1546;275806
1536;276247
1524;277775
1519;278120
1518;278625
1515;278684
1506;278762
1491;279738
1478;280588
1474;281363
1472;281558
1442;281620
1424;284310
1419;284916
1414;285111
1399;286024
1386;287490
1384;287956
1379;289276
1373;290327
1356;290957
1345;294368
1340;295252
1331;295874
1327;296956
1313;297635
1304;298336
1301;298357
1288;300684
1283;304930
1282;305389
1281;306421
1265;306469
1253;310656
1246;311109
1239;311781
1237;313184
1223;314291
1222;316988
1221;317489
1219;318990
1216;319388
1214;319748
1198;321132
1193;321578
1186;322406
1180;325735
1178;327901
1177;328759
1169;329651
1167;331247
1162;331361
1155;332988
1148;334817
1144;336628
1138;337857
1137;338229
1126;338982
1125;339039
1124;339156
1116;339470
1115;339562
1113;339998
1106;340997
1104;341422
1097;344184
1096;344199
1093;344956
1088;346816
1082;347766
1074;349938
1069;350638
1059;351583
1044;351922
1039;355924
1025;357743
1024;359415
1023;360590
1020;360746
1013;360992
1012;361528
1006;362865
992;366053
991;369303
985;372123
983;372926
973;373578
949;374208
925;375782
918;376058
916;385215
915;386317
912;388527
897;389034
886;389881
870;391662
869;394335
868;394846
862;395970
852;397043
849;402379
847;403339
845;404033
839;405981
821;406752
820;408888
770;409282
767;411173
751;417791
749;421882
744;422423
743;423946
742;426082
738;427018
732;440584
725;441808
724;443846
722;444199
712;445145
695;449025
677;449632
664;454625
660;455688
653;455932
651;457078
650;461623
649;461984
646;463366
635;464470
631;465153
628;465337
627;465440
623;465837
620;466244
608;466433
596;468443
592;470369
928;374288
971;373863
672;451686
593;469853
