158;117036
159;115746
163;115343
164;114972
165;114454
166;114427
168;112714
169;112117
175;110499
178;109751
179;108608
180;108606
181;108532
183;107752
185;107184
186;107052
187;106458
190;105619
194;104674
195;104133
198;103238
207;100730
209;100327
210;98746.6
211;97627.6
212;97035.1
213;96318.7
220;96047
223;94848.7
224;94328.2
227;93048.2
228;92479.4
233;92478.2
234;91662.4
235;91495.2
238;91003.2
242;90873.7
243;90494
248;89919.5
249;89560.3
256;88779.3
259;87360.7
263;86909.4
264;85458.4
268;85334.3
269;84949.7
273;84771.7
274;84098.3
275;83687.4
283;82938.7
285;82570.5
292;82309.8
294;80527
296;79959.9
301;79349.8
302;79251.9
304;78160.4
306;77634.7
311;77422.3
313;77296.8
315;77217.3
316;76390.8
319;76283.4
324;76259.4
332;76131.6
333;75843.8
337;75708.4
339;72731.9
342;72699.6
345;72396.9
347;71542.5
351;71137.1
352;70605.5
357;70572.5
358;70215.8
360;69903.8
363;69674.9
369;69172.4
371;68319.3
381;67829.3
391;67589.1
394;67411.5
398;67080.3
401;66937.5
403;66649.2
404;65624.8
406;65303.6
407;64836.5
415;64736.8
416;64470.4
418;64226.2
421;63593.2
430;63583.3
434;63236.9
437;63047.1
439;62662.1
450;62364.7
451;61568.4
457;61219.7
458;60732.8
467;60287.6
468;59971.4
472;59318.9
483;58985.9
499;58957.2
503;58677.3
506;58493.9
507;57697
510;57608.7
522;57571
524;57232.3
527;57150.6
530;57028.5
532;56791.7
534;56676.4
538;56506.6
544;56410
552;56371.7
557;56069.2
559;55994.9
561;55743.3
569;55712.9
573;55699.7
581;55185.3
589;54734.7
601;54568.2
602;54476.9
615;54318.7
631;54093.1
632;54039.2
645;53955.2
647;53952.1
652;53887.4
656;53693
657;53644
669;53623.2
682;53535.7
689;53433.4
694;53289.6
701;53196
709;53132.2
710;53049
725;52984.1
728;52818.1
733;52786.2
746;52724.9
755;52715
757;52612.2
767;52553.3
780;52519.8
784;52438.1
790;52408.7
815;52175.9
844;52038.7
869;51961.7
882;51657.3
890;51595.7
894;51386.6
909;51316.2
915;51283.7
928;51168.8
934;51155.6
941;51098.4
952;51063.2
967;50990
969;50943.2
978;50912.5
981;50872.8
987;50814.6
1003;50813.4
1004;50776.6
1008;50746.5
1013;50706.9
1015;50692.5
1025;50662.9
1034;50643.1
1038;50641.9
1041;50598
1042;50595.8
1054;50569.4
1058;50568.2
1060;50556.2
1066;50543
1069;50536.4
1073;50490.2
1082;50483.5
1085;50422
1094;50381.3
1097;50371.4
1102;50339.5
1112;50317.5
1115;50282.3
1122;50217.3
1123;50209.6
1129;50185.4
1133;50172.2
1137;50152.4
1139;50145.8
1145;50113.9
1149;50099.6
1154;50074.3
1164;50058.9
1165;50022.6
1167;50012.7
1181;49992.9
1182;49966.5
1186;49929.1
1191;49923.6
1195;49903.8
1198;49902.7
1199;49881.8
1205;49855.4
1209;49833.4
1210;49831.2
1216;49831.2
1217;49829
1223;49815.8
1225;49811.4
1226;49796
1227;49793.8
1234;49791.6
1236;49787.2
1237;49785
1238;49782.8
1239;49780.6
1243;49758.6
1247;49749.8
1249;49745.4
1253;49736.6
1255;49732.2
1258;49714.6
1261;49694.8
1272;49670.6
1282;49661.8
1284;49657.4
1286;49653
1293;49648.6
1294;49646.4
1295;49633.2
1296;49631
1300;49609
1303;49602.4
1306;49595.8
1312;49582.6
1322;49573.8
1323;49571.6
1324;49569.4
1325;49554
1332;49538.6
1333;49536.4
1335;49532
1338;49525.4
1339;49523.2
1342;49516.6
1347;49505.6
1349;49501.2
1353;49492.4
1358;49481.4
1360;49477
1361;49474.8
1364;49468.2
1366;49463.8
1371;49452.8
1374;49446.2
1382;49428.6
1385;49422
1387;49417.6
1388;49415.4
1390;49411
1391;49408.8
1395;49400
1397;49395.6
1398;49393.4
1399;49391.2
1406;49375.8
1409;49369.2
1413;49360.4
1417;49351.6
1419;49347.2
1420;49345
1427;49329.6
1428;49327.4
1430;49323
1441;49298.8
1442;49279
1451;49276.8
1452;49274.6
1453;49254.8
1458;49243.8
1462;49235
1468;49221.8
1470;49217.4
1472;49213
1482;49208.6
1483;49206.4
1486;49182.2
1487;49180
1494;49164.6
1496;49160.2
1497;49158
1501;49149.2
1502;49147
1503;49144.8
1504;49142.6
1512;49142.6
1513;49140.4
1515;49136
1516;49116.2
1517;49114
1519;49109.6
1521;49105.2
1525;49096.4
1526;49094.2
1530;49085.4
1531;49083.2
1533;49078.8
1535;49074.4
1536;49072.2
1541;49061.2
1544;49054.6
1548;49045.8
1551;49039.2
1554;49032.6
1555;49030.4
1556;49028.2
1557;49026
1562;49015
1563;49012.8
1564;49010.6
1566;49006.2
1570;48997.4
1571;48995.2
1572;48993
1573;48990.8
1576;48984.2
1582;48971
1586;48962.2
1588;48957.8
1589;48955.6
1590;48953.4
1596;48940.2
1597;48938
1599;48933.6
1600;48931.4
1601;48929.2
1604;48922.6
1605;48920.4
1606;48918.2
1607;48916
1609;48911.6
1610;48909.4
1612;48905
1618;48891.8
1625;48876.4
1629;48867.6
1631;48863.2
1632;48861
1633;48858.8
1634;48856.6
1636;48852.2
1637;48850
1638;48847.8
1643;48836.8
1644;48834.6
1645;48832.4
1648;48825.8
1650;48821.4
1653;48814.8
1656;48808.2
1657;48806
1664;48790.6
1666;48786.2
1667;48784
1668;48781.8
1669;48779.6
1670;48777.4
1672;48773
1675;48766.4
1676;48764.2
1683;48748.8
1685;48744.4
1686;48742.2
1687;48740
1688;48737.8
1689;48735.6
1690;48733.4
1691;48731.2
1700;48711.4
1702;48707
1706;48698.2
1707;48696
1710;48689.4
1711;48687.2
1712;48685
1713;48682.8
1715;48678.4
1718;48671.8
1719;48669.6
1720;48667.4
1721;48665.2
1722;48663
1723;48660.8
1726;48654.2
1728;48649.8
1735;48634.4
1740;48623.4
1747;48608
1749;48603.6
1750;48601.4
1756;48588.2
1758;48583.8
1761;48577.2
1762;48575
1763;48572.8
1764;48570.6
1770;48557.4
1771;48555.2
1777;48542
1779;48537.6
1781;48533.2
1782;48531
1783;48528.8
1787;48520
1794;48504.6
1795;48502.4
1797;48498
1798;48495.8
1800;48491.4
1811;48491.4
1812;48465
1813;48462.8
1820;48447.4
1821;48445.2
1825;48436.4
1826;48434.2
1829;48427.6
1831;48423.2
1833;48418.8
1834;48416.6
1835;48414.4
1838;48407.8
1839;48405.6
1843;48396.8
1846;48390.2
1852;48377
1855;48370.4
1857;48366
1858;48363.8
1859;48361.6
1861;48357.2
1863;48352.8
1864;48350.6
1870;48337.4
1873;48330.8
1874;48328.6
1880;48315.4
1882;48311
1883;48308.8
1884;48306.6
1892;48289
1893;48286.8
1896;48280.2
1899;48273.6
1903;48264.8
1904;48262.6
1906;48258.2
1910;48249.4
1911;48247.2
1915;48238.4
1917;48234
1921;48225.2
1923;48220.8
1925;48216.4
1927;48212
1929;48207.6
1930;48205.4
1931;48203.2
1935;48194.4
1937;48190
1940;48183.4
1942;48179
1943;48176.8
1948;48165.8
1957;48146
1962;48135
1969;48119.6
1970;48117.4
1973;48110.8
1977;48102
1979;48097.6
1981;48093.2
1984;48086.6
1986;48082.2
1987;48080
1991;48071.2
1992;48069
1998;48055.8
2001;48049.2
2009;48031.6
1460;49239.4
618;54317.7
1959;48141.6
1431;49303.2
734;52751.3
